,text,favourite_count,retweet_count,created_at,language,is_retweet,user_name
0,RT @BILD_Formel1: HÃ¼lkenberg gibt zu - Wehwehchen nach Formel-1-Comeback https://t.co/KotJrS1rBm #Formel1 #Formula1 #News,0,1,2022-03-22 15:08:51+00:00,de,False,Sugarhelchen
1,RT @TheUndercut2: WHAT. A. RACE!!!!! Can't wait to discuss the insanity that was the first round of the 2022 F1 Season on The Undercut #Bahâ€¦,0,1,2022-03-22 15:08:49+00:00,en,False,THC_IPA
2,RT @fabio_seixas: Uma boa notÃ­cia. (E jÃ¡ deu pra notar no Bahrein) #f1 #formula1  https://t.co/eidSuSAnis via @UOLEsporte @UOL,0,2,2022-03-22 15:08:43+00:00,pt,False,ozirismg
3,"RT @SeviGraphics: ğ…ğğ«ğ«ğšğ«ğ¢ ğ¢ğ¬ ğ›ğšğœğ¤.

@Charles_Leclerc + @Carlossainz55 = @ScuderiaFerrari ğŸ”´ 
 
#Formula1 #essereFerrari #F1 https://t.co/bOYâ€¦",0,244,2022-03-22 15:08:43+00:00,in,False,Fran_Gamen
4,"RT @motorlat: â‰ï¸ Ha transcurrido la primera carrera del Campeonato de #Formula1 en 2022, asÃ­ que les tenemos una pregunta ğŸ‘‡ğŸ» (Leemos sus reâ€¦",0,5,2022-03-22 15:08:42+00:00,es,False,marcelotade
5,"We operate in state-of-the-art, vacuum coating plants designed and built to our own specifications, specialising in the deposition of ITO on to plastic and glass and equipped with clean rooms âœ¨ 
#formula1 #itocoatings #redbullracing https://t.co/QImHULV4Fk",0,0,2022-03-22 15:07:30+00:00,en,False,Diamondcoatings
6,"Represent! @racerbia ğŸ‘ğŸ» 
#WSeries #Formula1 https://t.co/eXcpGRe6F2",0,0,2022-03-22 15:06:34+00:00,en,False,F1Philippines
7,"Daniel Ricciardo ğŸ‡¦ğŸ‡º Toro Rosso STR6 Ferrari (056 V8 90Â°) ğŸ‡®ğŸ‡¹ Grand Prix d'Australie - Albert Park ğŸ‡¦ğŸ‡º 2011 #F1 #Formula1 @F1 @danielricciardo 

Toute premiÃ¨re apparition de Daniel Ricciardo en Formule 1 en tant que 3Ã¨me pilote de l'Ã©curie Toro Rosso, avant d'Ãªtre titulaire en 2012. https://t.co/6cbqQp0KuD",0,0,2022-03-22 15:06:33+00:00,fr,False,Cladounnet
8,"Hoy volvemos a twitch! Esta noche toca F1!

Pasate un rato para echar unas risas y si tienes cualquier duda fantasy la intentamos resolver

SIGUEME EN TWITCH: RuBeeN19

#twitch #twitchstreamer #Formula1 #PS5 #PS5Share #RocketLeague #CallofDutyWarzone #streaming #twitchaffiliate",0,0,2022-03-22 15:05:52+00:00,es,False,el_Clausulazo
9,"RT @Formula1arg1: Ralf Schumacher duro con #AstonMartin y Lance Stroll.

""El #AMR22 es un desastre. AdemÃ¡s, escuchÃ© que Lawrence Stroll estâ€¦",0,7,2022-03-22 15:05:50+00:00,es,False,pipy58
10,"RT @Formula1arg1: Ralf Schumacher duro con #AstonMartin y Lance Stroll.

""El #AMR22 es un desastre. AdemÃ¡s, escuchÃ© que Lawrence Stroll estâ€¦",0,7,2022-03-22 15:05:29+00:00,es,False,L_Punke
11,"RT @racingsocialnft: Guys today we have an AMA going live with @Steijnracing You will be able to ask any race-related questions.

Make sureâ€¦",0,155,2022-03-22 15:04:49+00:00,en,False,qquatro1
12,"RT @SeviGraphics: ğ…ğğ«ğ«ğšğ«ğ¢ ğ¢ğ¬ ğ›ğšğœğ¤.

@Charles_Leclerc + @Carlossainz55 = @ScuderiaFerrari ğŸ”´ 
 
#Formula1 #essereFerrari #F1 https://t.co/bOYâ€¦",0,244,2022-03-22 15:04:23+00:00,in,False,Marcoxx_7
13,"RT @the_lollipopman: Big brain Charles. Same energy. 

#f1 #f12022 #formula1 #charlesleclerc #scuderiaferrari #bahraingp https://t.co/cZ28bâ€¦",0,32,2022-03-22 15:03:42+00:00,en,False,TaMatyesz
14,"RT @BreakingRace1: La #F1 regresa al Gran Premio de Arabia Saudita y aquÃ­ te dejamos los horarios de todos los eventos.

ğŸ“º TV: @FOXSportsMXâ€¦",0,2,2022-03-22 15:03:27+00:00,es,False,castaneda_1987
15,Â¡Chispas! Charles Leclerc lidera el doblete de #Ferrari tras la debacle de #Honda en #BarÃ©in; podio de Carlos Sainz #Noticias #Formula1 https://t.co/3TmJUDis5d https://t.co/pb84jq3hpa,0,0,2022-03-22 15:03:00+00:00,es,False,guiarepuestos
16,"-Irala, despÃ­dete bien.
-...

#F1 #Formula1 #F12022 #Mercedes #MercedesAMGF1 #AlfaRomeo https://t.co/Yt6gz7TkY3",1,0,2022-03-22 15:02:31+00:00,es,False,TvTunel
17,"RT @Motorsport: Just a little joke on that last lap ğŸ˜‰

#F1 #Formula1 #CharlesLeclerc #Ferrari #Motorsport https://t.co/51U28C5m4m",0,213,2022-03-22 15:02:18+00:00,en,False,Bellatyyx
18,"RT @BreakingRace1: La #F1 regresa al Gran Premio de Arabia Saudita y aquÃ­ te dejamos los horarios de todos los eventos.

ğŸ“º TV: @FOXSportsMXâ€¦",0,2,2022-03-22 15:02:14+00:00,es,False,eltalCris
19,The irony of getting rid of that stupid winnow sponsor and then finally actually winning. #Formula1 #Ferrari,0,0,2022-03-22 15:01:44+00:00,en,False,alexampersander
20,#Formula1 https://t.co/Z83te8ogSV,0,0,2022-03-22 15:01:21+00:00,und,False,cihangzc
21,"RT @FlaGrasselli: @LoadedLions_CDC We'll run together!
#FanArt #LoadedLions #crofam #Formula1 https://t.co/nDec073CYu",0,2,2022-03-22 15:01:05+00:00,en,False,FlaGrasselli
22,"RT @racingsocialnft: Guys today we have an AMA going live with @Steijnracing You will be able to ask any race-related questions.

Make sureâ€¦",0,155,2022-03-22 15:00:32+00:00,en,False,wincityyxx
23,Hot on /r/formula1 today: Toto and Horner already discussing how to stop ferrari https://t.co/R0xM8GGMhl #F1 #Formula1,1,0,2022-03-22 15:00:22+00:00,en,False,F1Subreddit
24,"Alfa Romeo have the only rookie on the grid, driving the #24 powered Ferrari machine.

#AlfaRomeo #F1 #FormulaOne #Formula1 #ZhouGuanyu 

https://t.co/7r83D4Fdyz",0,0,2022-03-22 15:00:04+00:00,en,False,HITCnews
25,"La #F1 regresa al Gran Premio de Arabia Saudita y aquÃ­ te dejamos los horarios de todos los eventos.

ğŸ“º TV: @FOXSportsMX3 - En vivo y con comerciales
ğŸ“ºğŸ’»ğŸ“±Streaming: F1 TV Pro - En vivo y sin comerciales

#Formula1 #SaudiArabianGp #F12022 #RaceWeek #BreakingRace https://t.co/jVduzdPxEv",3,2,2022-03-22 15:00:01+00:00,es,False,BreakingRace1
26,Rumours are that mercedes are bringing further upgrades for the Jeddah Grandprix! #f1 #Formula1 #MercedesAMGF1 #JeddahGP #f1twt,0,0,2022-03-22 15:00:00+00:00,en,False,_UsmanGaming
27,"RT @racingsocialnft: Guys today we have an AMA going live with @Steijnracing You will be able to ask any race-related questions.

Make sureâ€¦",0,155,2022-03-22 14:59:59+00:00,en,False,Rizki_illahi123
28,"RT @SeviGraphics: ğ…ğğ«ğ«ğšğ«ğ¢ ğ¢ğ¬ ğ›ğšğœğ¤.

@Charles_Leclerc + @Carlossainz55 = @ScuderiaFerrari ğŸ”´ 
 
#Formula1 #essereFerrari #F1 https://t.co/bOYâ€¦",0,244,2022-03-22 14:59:41+00:00,in,False,albubu2501
29,"RT @MthimbanaNk: Karma is a bee. I've never been this happy in 26 years of watching F1 ğŸ¤£ğŸ¤£ğŸ¤£

#BahrainGP #Formula1 #RedBull #Ferrari #charlesâ€¦",0,83,2022-03-22 14:59:32+00:00,en,False,Deradevill
30,"RT @Motorsport: Just a little joke on that last lap ğŸ˜‰

#F1 #Formula1 #CharlesLeclerc #Ferrari #Motorsport https://t.co/51U28C5m4m",0,213,2022-03-22 14:59:08+00:00,en,False,Deradevill
31,"RT @SeviGraphics: ğ…ğğ«ğ«ğšğ«ğ¢ ğ¢ğ¬ ğ›ğšğœğ¤.

@Charles_Leclerc + @Carlossainz55 = @ScuderiaFerrari ğŸ”´ 
 
#Formula1 #essereFerrari #F1 https://t.co/bOYâ€¦",0,244,2022-03-22 14:59:02+00:00,in,False,ReganTarriot
32,"Gelukkige 23e verjaardag aan Haas-coureur Mick Schumacher ğŸ‰

#f1 #formula1 #formule1 #mickschumacher #haasf1 https://t.co/RkRF2JNHNV",0,0,2022-03-22 14:58:50+00:00,nl,False,FORMULEMASTER
33,"ğŸ“£ Novo Podcast! ""Pisa Fundo 21/03/2022"" no @Spreaker #ferrari #formula1 #gpdobahrein #leclerck https://t.co/pArgcrJtk5",0,0,2022-03-22 14:57:56+00:00,pt,False,PesquisaQ
34,"RT @fabio_seixas: Cresce o zunzunzum de que Las Vegas ganharÃ¡ um GP no ano que vem. Sim, os EUA ficariam com trÃªs corridas no calendÃ¡rio...â€¦",0,12,2022-03-22 14:57:41+00:00,pt,False,MatheusMueller
35,"Will Mercedes pull it back? A lot of people suggest that they have a good car which they need to unlock 

#F1 | #Formula1 | #BahrainGP | #SaudiArabia | #SaudiArabianGP 

https://t.co/wKNCPW9m25",0,0,2022-03-22 14:57:39+00:00,en,False,GPblog_com
36,"RT @racingsocialnft: Guys today we have an AMA going live with @Steijnracing You will be able to ask any race-related questions.

Make sureâ€¦",0,155,2022-03-22 14:57:32+00:00,en,False,bigwindollarss
37,"RT @the_oldtraveler: Sorry guys... Still i rise
Remeber Fortune Favor The Brave
@LoadedLions_CDC @cryptocom @cryptocomnft 
#LoadedLions #crâ€¦",0,5,2022-03-22 14:57:00+00:00,en,False,crypto_meds
38,"RT @racingsocialnft: Guys today we have an AMA going live with @Steijnracing You will be able to ask any race-related questions.

Make sureâ€¦",0,155,2022-03-22 14:56:27+00:00,en,False,xander_knight15
39,"RT @racingsocialnft: Guys today we have an AMA going live with @Steijnracing You will be able to ask any race-related questions.

Make sureâ€¦",0,155,2022-03-22 14:55:45+00:00,en,False,ImperialRoldan
40,"RT @SeviGraphics: ğ…ğğ«ğ«ğšğ«ğ¢ ğ¢ğ¬ ğ›ğšğœğ¤.

@Charles_Leclerc + @Carlossainz55 = @ScuderiaFerrari ğŸ”´ 
 
#Formula1 #essereFerrari #F1 https://t.co/bOYâ€¦",0,244,2022-03-22 14:55:43+00:00,in,False,sonostrano0
41,"RT @racingsocialnft: Guys today we have an AMA going live with @Steijnracing You will be able to ask any race-related questions.

Make sureâ€¦",0,155,2022-03-22 14:55:38+00:00,en,False,jennieeruuby
42,"RT @racingsocialnft: Guys today we have an AMA going live with @Steijnracing You will be able to ask any race-related questions.

Make sureâ€¦",0,155,2022-03-22 14:55:34+00:00,en,False,Felicityw1ns_
43,"RT @SeviGraphics: ğ…ğğ«ğ«ğšğ«ğ¢ ğ¢ğ¬ ğ›ğšğœğ¤.

@Charles_Leclerc + @Carlossainz55 = @ScuderiaFerrari ğŸ”´ 
 
#Formula1 #essereFerrari #F1 https://t.co/bOYâ€¦",0,244,2022-03-22 14:55:29+00:00,in,False,Eros10_
44,"RT @racingsocialnft: Guys today we have an AMA going live with @Steijnracing You will be able to ask any race-related questions.

Make sureâ€¦",0,155,2022-03-22 14:55:17+00:00,en,False,kthvJk30
45,"RT @racingsocialnft: Guys today we have an AMA going live with @Steijnracing You will be able to ask any race-related questions.

Make sureâ€¦",0,155,2022-03-22 14:55:15+00:00,en,False,AkoWinner_
46,"RT @SeviGraphics: ğ…ğğ«ğ«ğšğ«ğ¢ ğ¢ğ¬ ğ›ğšğœğ¤.

@Charles_Leclerc + @Carlossainz55 = @ScuderiaFerrari ğŸ”´ 
 
#Formula1 #essereFerrari #F1 https://t.co/bOYâ€¦",0,244,2022-03-22 14:55:08+00:00,in,False,jose_guerreroSF
47,"RT @racingsocialnft: Guys today we have an AMA going live with @Steijnracing You will be able to ask any race-related questions.

Make sureâ€¦",0,155,2022-03-22 14:54:51+00:00,en,False,aubrijjke
48,"RT @racingsocialnft: Guys today we have an AMA going live with @Steijnracing You will be able to ask any race-related questions.

Make sureâ€¦",0,155,2022-03-22 14:54:50+00:00,en,False,hwajay_0403
49,"Just Wow!
https://t.co/SGB9ywTvSA
#Formula1 
#Leclerc #Verstappen",0,0,2022-03-22 14:54:49+00:00,en,False,KendoDodd
50,ğŸ“¹ğŸ˜La tierna imagen de @KevinMagnussen con su hija en el Haas #F1 #Formula1 #BahreinGP https://t.co/Lw2BVm57jw,2,0,2022-03-22 14:54:40+00:00,es,False,marcamotor
51,"RT @omerehayatol: EvladÄ±mÄ±z hastanede ğŸ˜ªateÅŸi39 ateÅŸine su serpin az Ã§ok demeyin bitirelim kampanyasÄ±nÄ±ğŸ™ğŸ™
#YeniProfilResmi #SaudiArabianGP #â€¦",0,19,2022-03-22 14:53:44+00:00,tr,False,Kral16_35
52,RT @fabio_seixas: Uma boa notÃ­cia. (E jÃ¡ deu pra notar no Bahrein) #f1 #formula1  https://t.co/eidSuSAnis via @UOLEsporte @UOL,0,2,2022-03-22 14:53:16+00:00,pt,False,davicvl
53,"RT @the_lollipopman: Big brain Charles. Same energy. 

#f1 #f12022 #formula1 #charlesleclerc #scuderiaferrari #bahraingp https://t.co/cZ28bâ€¦",0,32,2022-03-22 14:53:10+00:00,en,False,SibiRenganatth
54,"RT @LotekTvs: Avec ce dÃ©but de la #Formula1 , je vous lance un challenge !
Sur le jeu #F12021 , vous devrez faire le meilleur temps sur 3 câ€¦",0,3,2022-03-22 14:53:06+00:00,fr,False,FVR_LouisVLT
55,"RT @SeviGraphics: ğ…ğğ«ğ«ğšğ«ğ¢ ğ¢ğ¬ ğ›ğšğœğ¤.

@Charles_Leclerc + @Carlossainz55 = @ScuderiaFerrari ğŸ”´ 
 
#Formula1 #essereFerrari #F1 https://t.co/bOYâ€¦",0,244,2022-03-22 14:53:06+00:00,in,False,Tomi_Lorenzatti
56,Emocionante y Apasionante ğŸ˜ lÃ¡ temporada 4 de #Formula1,0,0,2022-03-22 14:52:43+00:00,es,False,JmRaverta
57,"Atlanta winners and losers 
#PhatzRadioSports
#NASCAR
#MonsterEnergy
#PowerRankings
#XfinitySeries 
#TruckSeries
#Formula1 
#PhoenixRaceway
#KyleLarson
#KyleBusch
#ChaseElliott
#KevinHarvick
#BubbaWallace
https://t.co/91CS52ICQg",0,0,2022-03-22 14:52:36+00:00,en,False,RealPhatsBlog
58,"RT @racingsocialnft: Guys today we have an AMA going live with @Steijnracing You will be able to ask any race-related questions.

Make sureâ€¦",0,155,2022-03-22 14:52:19+00:00,en,False,chay4_cityXwins
59,"RT @Motorsport: Did someone say party? ğŸ¥³ Happy birthday to @schumachermick that turns 2ï¸âƒ£3ï¸âƒ£ today ğŸ‰

#F1 #Formula1 #MickSchumacher #Haas #â€¦",0,93,2022-03-22 14:52:19+00:00,en,False,haroldstereo
60,"Remember the scandalous 2007 #F1 season? Relive the #ScuderiaFerrari and #McLaren rivalry on an episode of Sony's award-nominated podcast Cheat! #Formula1 

https://t.co/i9xpwNAjmr",1,0,2022-03-22 14:51:16+00:00,en,False,meeerakumar
61,"RT @SeviGraphics: ğ…ğğ«ğ«ğšğ«ğ¢ ğ¢ğ¬ ğ›ğšğœğ¤.

@Charles_Leclerc + @Carlossainz55 = @ScuderiaFerrari ğŸ”´ 
 
#Formula1 #essereFerrari #F1 https://t.co/bOYâ€¦",0,244,2022-03-22 14:50:57+00:00,in,False,14f1Jess
62,"#FÃ³rmula1 - ""Stroll deberÃ­a preguntarse si necesita buscarse otro hobby""

https://t.co/MJ8BILZ294",0,0,2022-03-22 14:50:29+00:00,es,False,CarburandoTV
63,"#F1 | J.M. Zapico tiene 'Una teorÃ­a' sobre Mercedes.

https://t.co/UkwX2JkA16

#FÃ³rmula1 @MercedesAMGF1 @VirutasF1 https://t.co/lLSY96rjNu",1,0,2022-03-22 14:50:03+00:00,es,False,motorF1directo
64,RT @f1aholic: Pierre Gasly is set to face an early grid penalty this #F1 season after his AlphaTauri caught fire in the Bahrain Grand Prixâ€¦,0,1,2022-03-22 14:50:03+00:00,en,False,1_Lovelife
65,"RT @crypt_engineer: #BabyDogeCoin bÃ¼yÃ¼k yerlere gelecek bu bebek ğŸ‘ğŸ»
#Ethereum #Crypto #btc #Metaverse #bitcoin #Ukriane #BahreinGP #Formulaâ€¦",0,56,2022-03-22 14:49:54+00:00,tr,False,AmarjitSharma04
66,"RT @SeviGraphics: ğ…ğğ«ğ«ğšğ«ğ¢ ğ¢ğ¬ ğ›ğšğœğ¤.

@Charles_Leclerc + @Carlossainz55 = @ScuderiaFerrari ğŸ”´ 
 
#Formula1 #essereFerrari #F1 https://t.co/bOYâ€¦",0,244,2022-03-22 14:49:40+00:00,in,False,AlertaF1
67,"RT @the_oldtraveler: Sorry guys... Still i rise
Remeber Fortune Favor The Brave
@LoadedLions_CDC @cryptocom @cryptocomnft 
#LoadedLions #crâ€¦",0,5,2022-03-22 14:49:23+00:00,en,False,kalianji_cro
68,"RT @Motorsport: Just a little joke on that last lap ğŸ˜‰

#F1 #Formula1 #CharlesLeclerc #Ferrari #Motorsport https://t.co/51U28C5m4m",0,213,2022-03-22 14:48:49+00:00,en,False,Sue99126139
69,"RT @racingsocialnft: Guys today we have an AMA going live with @Steijnracing You will be able to ask any race-related questions.

Make sureâ€¦",0,155,2022-03-22 14:47:29+00:00,en,False,enhypenloml__
70,"RT @the_oldtraveler: Sorry guys... Still i rise
Remeber Fortune Favor The Brave
@LoadedLions_CDC @cryptocom @cryptocomnft 
#LoadedLions #crâ€¦",0,5,2022-03-22 14:47:06+00:00,en,False,bloktopianista
71,"So much Kevinâ€¦
Full reaction of the Bahrain GP on YT!

https://t.co/1SYB4MkzJZ

#BahrianGP #HaasF1 #kevinmagnussen #F1 #Formula1 https://t.co/eYQwiiSx7N",0,0,2022-03-22 14:47:03+00:00,en,False,JustHun_
72,"When you're explaining Safety Car regulations during the #BahrainGrandPrix2022 to your gf then you see ""Lapped cars to overtake safety car"". #Formula1 #AbuDhabi https://t.co/cjRAv58v4p",0,0,2022-03-22 14:46:57+00:00,en,False,w_thewise
73,"Pierre Gasly is set to face an early grid penalty this #F1 season after his AlphaTauri caught fire in the Bahrain Grand Prix with a suspected battery failure. [@adamcooperF1]
#F1 #F12022 #Formula1 #Gasly https://t.co/NO8SWBBrl8",0,1,2022-03-22 14:46:42+00:00,en,False,f1aholic
74,"RT @Formula1arg1: Ralf Schumacher duro con #AstonMartin y Lance Stroll.

""El #AMR22 es un desastre. AdemÃ¡s, escuchÃ© que Lawrence Stroll estâ€¦",0,7,2022-03-22 14:46:36+00:00,es,False,Barrosooo16
75,"RT @Formula1arg1: Ralf Schumacher duro con #AstonMartin y Lance Stroll.

""El #AMR22 es un desastre. AdemÃ¡s, escuchÃ© que Lawrence Stroll estâ€¦",0,7,2022-03-22 14:46:25+00:00,es,False,Andre7IA
76,"RT @Motorsport: Did someone say party? ğŸ¥³ Happy birthday to @schumachermick that turns 2ï¸âƒ£3ï¸âƒ£ today ğŸ‰

#F1 #Formula1 #MickSchumacher #Haas #â€¦",0,93,2022-03-22 14:46:17+00:00,en,False,BChojolan
77,"RT @SeviGraphics: ğ…ğğ«ğ«ğšğ«ğ¢ ğ¢ğ¬ ğ›ğšğœğ¤.

@Charles_Leclerc + @Carlossainz55 = @ScuderiaFerrari ğŸ”´ 
 
#Formula1 #essereFerrari #F1 https://t.co/bOYâ€¦",0,244,2022-03-22 14:45:39+00:00,in,False,afsha_mohammed
78,"RT @SeviGraphics: ğ…ğğ«ğ«ğšğ«ğ¢ ğ¢ğ¬ ğ›ğšğœğ¤.

@Charles_Leclerc + @Carlossainz55 = @ScuderiaFerrari ğŸ”´ 
 
#Formula1 #essereFerrari #F1 https://t.co/bOYâ€¦",0,244,2022-03-22 14:45:10+00:00,in,False,itsorforyou
79,RT @Cladounnet: Heikki Kovalainen ğŸ‡«ğŸ‡® Renault R27 (RS27 V8 90Â°) ğŸ‡«ğŸ‡· Grand Prix du Japon - Fuji Speedway ğŸ‡¯ğŸ‡µ 2007 #F1 #Formula1 @F1 @H_Kovalainâ€¦,0,1,2022-03-22 14:45:04+00:00,fr,False,JeanDoobs
80,"ğŸ‘¤ Christian Horner

ğŸ™ ""Bence Ferrari, yarÄ±ÅŸta bize kÄ±yasla biraz daha hÄ±zlÄ±ydÄ±. Fakat olumlu taraftan bakarsak, sÄ±ralama turlarÄ±nda ilk Ã§izgi iÃ§in yarÄ±ÅŸabilecek, Charles'la galibiyet iÃ§in Ã§ekiÅŸecek bir aracÄ±mÄ±z var.""

#Formula1 https://t.co/ZpUoIpol1D",85,0,2022-03-22 14:45:00+00:00,tr,False,motorsportcomtr
81,"RT @CSportske: How was that for day 1?ğŸ˜…

#F1 #WTF1 #formula1 #meme #f1memes #f1meme #f1reels #f1reel #bahraingp https://t.co/NXPTsm8UgM",0,4,2022-03-22 14:44:46+00:00,en,False,H_clark33
82,"Brilliant breakdown of how new rules, new energy and great vision can amplify stories like #Formula1 like never before. 
Netflix's curiosity and risk taking is  continuously debunking old ways of thinking. 
#DriveToSurvive https://t.co/9g21hjtIKE",2,0,2022-03-22 14:44:35+00:00,en,False,jasminedotiwala
83,"RT @SeviGraphics: ğ…ğğ«ğ«ğšğ«ğ¢ ğ¢ğ¬ ğ›ğšğœğ¤.

@Charles_Leclerc + @Carlossainz55 = @ScuderiaFerrari ğŸ”´ 
 
#Formula1 #essereFerrari #F1 https://t.co/bOYâ€¦",0,244,2022-03-22 14:44:26+00:00,in,False,Komaeda_6
84,"Heikki Kovalainen ğŸ‡«ğŸ‡® Renault R27 (RS27 V8 90Â°) ğŸ‡«ğŸ‡· Grand Prix du Japon - Fuji Speedway ğŸ‡¯ğŸ‡µ 2007 #F1 #Formula1 @F1 @H_Kovalainen 

Dans des conditions trÃ¨s piÃ©geuses, Heikki signe son 1er podium en F1 en finissant 2Ã¨me, le seul podium de Renault lors de cette saison 2007... https://t.co/H9sB9OXkRz",3,1,2022-03-22 14:44:18+00:00,fr,False,Cladounnet
85,"Click for NEW episode breaking down the #F1 #BahrainGp 

It was a pizza party for #Ferrari, disaster for #RedBull, &amp; a podium for #LewisHamilton

#Podcast #Formula1 #TeamLH #MaxVerstappen #CharlesLeclerc #CarlosSainz #HaasF1 #McLaren #Racing #Motorsport 

https://t.co/sJbEfq8xb5 https://t.co/BjPVbaW5uM",3,0,2022-03-22 14:43:55+00:00,en,False,PurpleSectorPod
86,"RT @Motorsport: Did someone say party? ğŸ¥³ Happy birthday to @schumachermick that turns 2ï¸âƒ£3ï¸âƒ£ today ğŸ‰

#F1 #Formula1 #MickSchumacher #Haas #â€¦",0,93,2022-03-22 14:43:47+00:00,en,False,theresa57
87,"This day in 1974, Peter Revson was fatally injured in KyalamiğŸ‡¿ğŸ‡¦. 1971 #Indianapolis500 Polesitter, 5 #Indy500 starts 1969-1973 with best finish of 2nd. 2 #Formula1 wins ğŸ‡¬ğŸ‡§ğŸ‡¨ğŸ‡¦ in 30 starts. @McLarenF1 @ArrowMcLarenSP https://t.co/WObbvRmlhe",2,0,2022-03-22 14:43:44+00:00,en,False,ndcar
88,"RT @racingsocialnft: Guys today we have an AMA going live with @Steijnracing You will be able to ask any race-related questions.

Make sureâ€¦",0,155,2022-03-22 14:43:23+00:00,en,False,daintyyyoon_
89,"RT @racingsocialnft: Guys today we have an AMA going live with @Steijnracing You will be able to ask any race-related questions.

Make sureâ€¦",0,155,2022-03-22 14:42:56+00:00,en,False,hcnbigwin
90,"RT @the_oldtraveler: Sorry guys... Still i rise
Remeber Fortune Favor The Brave
@LoadedLions_CDC @cryptocom @cryptocomnft 
#LoadedLions #crâ€¦",0,5,2022-03-22 14:42:26+00:00,en,False,LoadedMushroom
91,"Lewi Hamilton ğŸ‡¬ğŸ‡§ McLaren MP4-27 Mercedes (FO 108Z V8 90Â°) ğŸ‡¬ğŸ‡§ğŸ‡©ğŸ‡ª Grand Prix des Ã‰tats Unis - Austin ğŸ‡ºğŸ‡¸ 2012 #F1 #Formula1 @F1 @LewisHamilton @McLarenF1 

La F1 est de retour aux USA ! Hamilton remporte ainsi ce 1er Grand Prix Ã  Austin, ce qui fut sa derniÃ¨re victoire avec McLaren. https://t.co/BDfvqpAfhT",1,0,2022-03-22 14:42:10+00:00,fr,False,Cladounnet
92,"RT @the_oldtraveler: Sorry guys... Still i rise
Remeber Fortune Favor The Brave
@LoadedLions_CDC @cryptocom @cryptocomnft 
#LoadedLions #crâ€¦",0,5,2022-03-22 14:41:44+00:00,en,False,71M96
93,"RT @Motorsport: Just a little joke on that last lap ğŸ˜‰

#F1 #Formula1 #CharlesLeclerc #Ferrari #Motorsport https://t.co/51U28C5m4m",0,213,2022-03-22 14:41:17+00:00,en,False,PT_Pedro_II
94,"RT @racingsocialnft: Guys today we have an AMA going live with @Steijnracing You will be able to ask any race-related questions.

Make sureâ€¦",0,155,2022-03-22 14:41:15+00:00,en,False,elisabethsito10
95,"RT @SeviGraphics: ğ…ğğ«ğ«ğšğ«ğ¢ ğ¢ğ¬ ğ›ğšğœğ¤.

@Charles_Leclerc + @Carlossainz55 = @ScuderiaFerrari ğŸ”´ 
 
#Formula1 #essereFerrari #F1 https://t.co/bOYâ€¦",0,244,2022-03-22 14:41:11+00:00,in,False,IvanCastroGTR
96,"Sorry guys... Still i rise
Remeber Fortune Favor The Brave
@LoadedLions_CDC @cryptocom @cryptocomnft 
#LoadedLions #cryptocom #cdc #cro #FFTB #nft #crypto #formula1 @F1 #F1 https://t.co/xgKHvrRwY9",12,5,2022-03-22 14:41:06+00:00,en,False,the_oldtraveler
97,"RT @CalcioFanMittul: @Cheshta05 The new season has just started. With new regulations and technical changes, season got even better. Lovedâ€¦",0,4,2022-03-22 14:41:02+00:00,en,False,CalcioFanMittul
98,"RT @racingsocialnft: Guys today we have an AMA going live with @Steijnracing You will be able to ask any race-related questions.

Make sureâ€¦",0,155,2022-03-22 14:40:29+00:00,en,False,Rejeki_Ortu
99,"RT @there_is_no_if: â€œI think Maxâ€™s approach â€“ and this is Georgeâ€™s phrase since he was in go-karting â€“ is â€˜win it or bin itâ€™,â€ Wolff told Gâ€¦",0,1,2022-03-22 14:40:10+00:00,en,False,F1tingz
100,"RT @Motorsport: Did someone say party? ğŸ¥³ Happy birthday to @schumachermick that turns 2ï¸âƒ£3ï¸âƒ£ today ğŸ‰

#F1 #Formula1 #MickSchumacher #Haas #â€¦",0,93,2022-03-22 14:39:50+00:00,en,False,agaristizabal10
101,"RT @SeviGraphics: ğ…ğğ«ğ«ğšğ«ğ¢ ğ¢ğ¬ ğ›ğšğœğ¤.

@Charles_Leclerc + @Carlossainz55 = @ScuderiaFerrari ğŸ”´ 
 
#Formula1 #essereFerrari #F1 https://t.co/bOYâ€¦",0,244,2022-03-22 14:39:34+00:00,in,False,RobertoPerez_07
102,"Sebastian Vettel ğŸ‡©ğŸ‡ª Red Bull RB5 Renault (RS27 V8 90Â°) ğŸ‡¦ğŸ‡¹ğŸ‡«ğŸ‡· Grand Prix de Grande Bretagne - Silverstone ğŸ‡¬ğŸ‡§ 2009 #F1 #Formula1 @F1 @redbullracing 

Sebastian remporte ici son second Grand Prix de la saison... sa 1Ã¨re victoire sur piste sÃ¨che de fait ! https://t.co/iBiLiNJDcI",1,0,2022-03-22 14:39:26+00:00,fr,False,Cladounnet
103,"RT @Formula_Stats: Hoy cumple 23 aÃ±os Mick Schumacher, y tambiÃ©n se cumplen 30 aÃ±os del primer podio de su padre, Michael Schumacher, en elâ€¦",0,6,2022-03-22 14:39:11+00:00,es,False,AleNachoCruz
104,"@F1 says nothing about @Renault, owners of @AlpineF1Team restarting operations in Russia. #formula1",0,0,2022-03-22 14:39:05+00:00,en,False,FDSguard
105,"RT @Motorsport: Just a little joke on that last lap ğŸ˜‰

#F1 #Formula1 #CharlesLeclerc #Ferrari #Motorsport https://t.co/51U28C5m4m",0,213,2022-03-22 14:38:28+00:00,en,False,kyle4arts
106,"Not Max roasting Alex's fashion choices ğŸ˜­

#F1 #Formula1 #MaxVerstappen #AlexAlbon #redbullracing #RedBull https://t.co/la9KF1QRHo",4,0,2022-03-22 14:38:02+00:00,en,False,f1waali
107,"RT @Motorsport: Just a little joke on that last lap ğŸ˜‰

#F1 #Formula1 #CharlesLeclerc #Ferrari #Motorsport https://t.co/51U28C5m4m",0,213,2022-03-22 14:37:38+00:00,en,False,rantingbengkok
108,"RT @SeviGraphics: ğ…ğğ«ğ«ğšğ«ğ¢ ğ¢ğ¬ ğ›ğšğœğ¤.

@Charles_Leclerc + @Carlossainz55 = @ScuderiaFerrari ğŸ”´ 
 
#Formula1 #essereFerrari #F1 https://t.co/bOYâ€¦",0,244,2022-03-22 14:37:09+00:00,in,False,javitejero10
109,"BÃ¶lÃ¼m 10 - #BahrainGP yayÄ±nda!

ğŸ 2022 beklentileri ve #BahrainGP
ğŸ Sana â€œKÄ±rmÄ±zÄ±â€ Ã§ok yakÄ±ÅŸÄ±yorâ€¦
ğŸ‘ YarÄ±na kalsa da YanÄ±na kalmazâ€¦
 ğŸƒ OrtadoÄŸuâ€™da kartlar yeniden daÄŸÄ±tÄ±lÄ±yor

#Formula1 #F1 

https://t.co/X7G0kMZHmb",4,1,2022-03-22 14:36:59+00:00,tr,False,F01Podcast
110,"RT @IbrahimAlZubadi: Ø­Ø³Ø¨ Ø¥Ø¹Ù„Ø§Ù† Ù‚Ù†Ø§Ø© Ø£Ù… Ø¨ÙŠ Ø³ÙŠ Ø¢ÙƒØ´Ù† Ø³ØªØ¨Ø« Ø¬Ø§Ø¦Ø²Ø© Ø§Ù„Ø³Ø¹ÙˆØ¯ÙŠØ© Ø§Ù„ÙƒØ¨Ø±Ù‰ Ù„Ù„Ù€ #ÙÙˆØ±Ù…ÙˆÙ„Ø§1 2022 

â€¢ Ø§Ù„Ø³Ø¨Øª Ø§Ù„ØªØµÙÙŠØ§Øª Ø§Ù„ØªØ£Ù‡ÙŠÙ„ÙŠØ© 
â€¢ Ø§Ù„Ø£Ø­Ø¯ Ø§Ù„Ø³Ø¨Ø§â€¦",0,5,2022-03-22 14:36:58+00:00,ar,False,okonemariam
111,"RT @CalcioFanMittul: @Cheshta05 The new season has just started. With new regulations and technical changes, season got even better. Lovedâ€¦",0,4,2022-03-22 14:36:57+00:00,en,False,KeplerGamingIN
112,"â€œI think Maxâ€™s approach â€“ and this is Georgeâ€™s phrase since he was in go-karting â€“ is â€˜win it or bin itâ€™,â€ Wolff told GQ.

â€œGeorge approaches it more from an intellectual standpoint, while having all the skills.â€

Toto is not taking any prisoners ğŸ˜‚ğŸ˜‚ğŸ˜‚

#F1 #Formula1 #totowolff",1,1,2022-03-22 14:36:47+00:00,en,False,there_is_no_if
113,"RT @racingsocialnft: Guys today we have an AMA going live with @Steijnracing You will be able to ask any race-related questions.

Make sureâ€¦",0,155,2022-03-22 14:36:46+00:00,en,False,sshheeiinna
114,"RT @SeviGraphics: ğ…ğğ«ğ«ğšğ«ğ¢ ğ¢ğ¬ ğ›ğšğœğ¤.

@Charles_Leclerc + @Carlossainz55 = @ScuderiaFerrari ğŸ”´ 
 
#Formula1 #essereFerrari #F1 https://t.co/bOYâ€¦",0,244,2022-03-22 14:36:46+00:00,in,False,JennMorningstar
115,"RT @IbrahimAlZubadi: Ø­Ø³Ø¨ Ø¥Ø¹Ù„Ø§Ù† Ù‚Ù†Ø§Ø© Ø£Ù… Ø¨ÙŠ Ø³ÙŠ Ø¢ÙƒØ´Ù† Ø³ØªØ¨Ø« Ø¬Ø§Ø¦Ø²Ø© Ø§Ù„Ø³Ø¹ÙˆØ¯ÙŠØ© Ø§Ù„ÙƒØ¨Ø±Ù‰ Ù„Ù„Ù€ #ÙÙˆØ±Ù…ÙˆÙ„Ø§1 2022 

â€¢ Ø§Ù„Ø³Ø¨Øª Ø§Ù„ØªØµÙÙŠØ§Øª Ø§Ù„ØªØ£Ù‡ÙŠÙ„ÙŠØ© 
â€¢ Ø§Ù„Ø£Ø­Ø¯ Ø§Ù„Ø³Ø¨Ø§â€¦",0,5,2022-03-22 14:36:31+00:00,ar,False,IbrahimAlZubadi
116,"RT @CalcioFanMittul: @Cheshta05 The new season has just started. With new regulations and technical changes, season got even better. Lovedâ€¦",0,4,2022-03-22 14:36:24+00:00,en,False,AllOnFootball
117,RT @BrandGully: And then there was this (with the quintessential sepia filter) in the following decade. Itâ€™s a pity that things went southâ€¦,0,2,2022-03-22 14:36:22+00:00,en,False,BrandGully
118,"RT @BrandGully: While todayâ€™s generation binges on #DriveToSurvive , the previous lot would get off on anything that had Michael Schumacherâ€¦",0,2,2022-03-22 14:36:17+00:00,en,False,BrandGully
119,"RT @CalcioFanMittul: @Cheshta05 The new season has just started. With new regulations and technical changes, season got even better. Lovedâ€¦",0,4,2022-03-22 14:35:49+00:00,en,False,DcMittul
120,RT @BahrainCPnews: HRH the CP and PM #Salman_bin_Hamad attends the launch of the @f1 Gulf Air #Bahrain Grand Prix 2022 #Formula1 #BahrainGPâ€¦,0,3,2022-03-22 14:35:15+00:00,en,False,BahrainEmbDC
121,"RT @racingsocialnft: Guys today we have an AMA going live with @Steijnracing You will be able to ask any race-related questions.

Make sureâ€¦",0,155,2022-03-22 14:34:45+00:00,en,False,winnerjay_
122,"RT @Motorsport: Just a little joke on that last lap ğŸ˜‰

#F1 #Formula1 #CharlesLeclerc #Ferrari #Motorsport https://t.co/51U28C5m4m",0,213,2022-03-22 14:34:26+00:00,en,False,dinah_wise
123,"RT @racingsocialnft: Guys today we have an AMA going live with @Steijnracing You will be able to ask any race-related questions.

Make sureâ€¦",0,155,2022-03-22 14:34:13+00:00,en,False,DaunBambu4
124,"RT @SeviGraphics: ğ…ğğ«ğ«ğšğ«ğ¢ ğ¢ğ¬ ğ›ğšğœğ¤.

@Charles_Leclerc + @Carlossainz55 = @ScuderiaFerrari ğŸ”´ 
 
#Formula1 #essereFerrari #F1 https://t.co/bOYâ€¦",0,244,2022-03-22 14:34:06+00:00,in,False,guillemm_00
125,"RT @Formula1arg1: Ralf Schumacher duro con #AstonMartin y Lance Stroll.

""El #AMR22 es un desastre. AdemÃ¡s, escuchÃ© que Lawrence Stroll estâ€¦",0,7,2022-03-22 14:34:06+00:00,es,False,heliocubo
126,"RT @racingsocialnft: Guys today we have an AMA going live with @Steijnracing You will be able to ask any race-related questions.

Make sureâ€¦",0,155,2022-03-22 14:33:59+00:00,en,False,meredithgray_TV
127,"RT @SeviGraphics: ğ…ğğ«ğ«ğšğ«ğ¢ ğ¢ğ¬ ğ›ğšğœğ¤.

@Charles_Leclerc + @Carlossainz55 = @ScuderiaFerrari ğŸ”´ 
 
#Formula1 #essereFerrari #F1 https://t.co/bOYâ€¦",0,244,2022-03-22 14:33:55+00:00,in,False,JoseSanchG
128,"RT @pirellisport: These are the sets available for the race. Stay tuned for the strategiesâ€¦

#F1 #Fit4F1 #Formula1 #BahrainGP ğŸ‡§ğŸ‡­ #Pirelli #â€¦",0,86,2022-03-22 14:33:47+00:00,en,False,pongo0101
129,la Ferrari racconta la gara del Bahrain con un cartone animato #Formula1 #BahrainGP #Ferrari #essereFerrari https://t.co/K9cYVOz1y1,0,0,2022-03-22 14:33:21+00:00,it,False,ernesto_aloia
130,"RT @racingsocialnft: Guys today we have an AMA going live with @Steijnracing You will be able to ask any race-related questions.

Make sureâ€¦",0,155,2022-03-22 14:33:18+00:00,en,False,520MOONJ
131,"RT @DestinationDKSA: You can't miss Chris Brown lighting up the stage, the atmosphere &amp; the crowd!
Only on Sunday March 27 at the #F1 stc
#â€¦",0,1,2022-03-22 14:33:10+00:00,en,False,AhmedDreezy
132,"RT @the_lollipopman: Big brain Charles. Same energy. 

#f1 #f12022 #formula1 #charlesleclerc #scuderiaferrari #bahraingp https://t.co/cZ28bâ€¦",0,32,2022-03-22 14:32:50+00:00,en,False,polterbey
133,"The Best Team Radio #BahrainGP #F1 #Formula1 
https://t.co/QICKVNQsib",0,0,2022-03-22 14:32:49+00:00,en,False,sophia_wrc
134,"RT @pirellisport: Whatâ€™s the quickest way to the #BahrainGP finish line? ğŸğŸ‡§ğŸ‡­ 

#F1 #Fit4F1 #Formula1 #Pirelli #Pirelli150 https://t.co/obu8â€¦",0,98,2022-03-22 14:32:42+00:00,en,False,pongo0101
135,"RT @SeviGraphics: ğ…ğğ«ğ«ğšğ«ğ¢ ğ¢ğ¬ ğ›ğšğœğ¤.

@Charles_Leclerc + @Carlossainz55 = @ScuderiaFerrari ğŸ”´ 
 
#Formula1 #essereFerrari #F1 https://t.co/bOYâ€¦",0,244,2022-03-22 14:32:41+00:00,in,False,NThebestjuice
136,"RT @racingsocialnft: Guys today we have an AMA going live with @Steijnracing You will be able to ask any race-related questions.

Make sureâ€¦",0,155,2022-03-22 14:32:38+00:00,en,False,Sugiart21879310
137,"RT @SeviGraphics: ğ…ğğ«ğ«ğšğ«ğ¢ ğ¢ğ¬ ğ›ğšğœğ¤.

@Charles_Leclerc + @Carlossainz55 = @ScuderiaFerrari ğŸ”´ 
 
#Formula1 #essereFerrari #F1 https://t.co/bOYâ€¦",0,244,2022-03-22 14:32:28+00:00,in,False,_SpecTwo_
138,"RT @racingsocialnft: Guys today we have an AMA going live with @Steijnracing You will be able to ask any race-related questions.

Make sureâ€¦",0,155,2022-03-22 14:32:24+00:00,en,False,_subeomhyun
139,"RT @OhYeahSports: Goat athletes for every sport + ranked
#PGATour Tiger Woods ğŸ†
#Olympics Phelps ğŸ¥ˆ
#NHL Gretz ğŸ¥‰
#Tennis Serena
#NFL Tom
#MLâ€¦",0,3,2022-03-22 14:30:29+00:00,en,False,OhYeahBoxing
140,"RT @Motorsport: Did someone say party? ğŸ¥³ Happy birthday to @schumachermick that turns 2ï¸âƒ£3ï¸âƒ£ today ğŸ‰

#F1 #Formula1 #MickSchumacher #Haas #â€¦",0,93,2022-03-22 14:30:23+00:00,en,False,shamnanobot16
141,"RT @racingsocialnft: Guys today we have an AMA going live with @Steijnracing You will be able to ask any race-related questions.

Make sureâ€¦",0,155,2022-03-22 14:30:11+00:00,en,False,DOS4thewin
142,"#F1 | J.M. Zapico tiene 'Una teorÃ­a' sobre Mercedes.

https://t.co/FYJBSFYxiJ

#FÃ³rmula1 @MercedesAMGF1 @VirutasF1 https://t.co/gb1sTY7SfX",3,0,2022-03-22 14:30:03+00:00,es,False,motorpuntoes
143,"RT @racingsocialnft: Guys today we have an AMA going live with @Steijnracing You will be able to ask any race-related questions.

Make sureâ€¦",0,155,2022-03-22 14:29:53+00:00,en,False,izwinsxcityx
144,"RT @Motorsport: Did someone say party? ğŸ¥³ Happy birthday to @schumachermick that turns 2ï¸âƒ£3ï¸âƒ£ today ğŸ‰

#F1 #Formula1 #MickSchumacher #Haas #â€¦",0,93,2022-03-22 14:29:36+00:00,en,False,lWemIrzRvQoODfx
145,"RT @fabio_seixas: Cresce o zunzunzum de que Las Vegas ganharÃ¡ um GP no ano que vem. Sim, os EUA ficariam com trÃªs corridas no calendÃ¡rio...â€¦",0,12,2022-03-22 14:29:29+00:00,pt,False,f1bitsHighSpeed
146,"RT @Motorsport: Just a little joke on that last lap ğŸ˜‰

#F1 #Formula1 #CharlesLeclerc #Ferrari #Motorsport https://t.co/51U28C5m4m",0,213,2022-03-22 14:29:14+00:00,en,False,shxzln
147,"RT @FlaGrasselli: @LoadedLions_CDC We'll run together!
#FanArt #LoadedLions #crofam #Formula1 https://t.co/nDec073CYu",0,2,2022-03-22 14:28:47+00:00,en,False,loaded_crypto
148,"You can't miss Chris Brown lighting up the stage, the atmosphere &amp; the crowd!
Only on Sunday March 27 at the #F1 stc
#SaudiArabianGP!

Get your tickets now!

@SaudiArabianGP bio! 

Amplified by @mdlbeast

#Ù†Ø³Ø§Ø¨Ù‚_Ø§Ù„Ù…Ø³ØªÙ‚Ø¨Ù„ #ÙÙˆØ±Ù…ÙˆÙ„Ø§1_ÙÙŠ_Ø§Ù„Ø³Ø¹ÙˆØ¯ÙŠØ© #jeddah #DestinationKSA #Formula1 https://t.co/K02BePr5LS",0,1,2022-03-22 14:28:42+00:00,en,False,DestinationDKSA
149,"RT @racingsocialnft: Guys today we have an AMA going live with @Steijnracing You will be able to ask any race-related questions.

Make sureâ€¦",0,155,2022-03-22 14:28:40+00:00,en,False,borkok4
150,"RT @SeviGraphics: ğ…ğğ«ğ«ğšğ«ğ¢ ğ¢ğ¬ ğ›ğšğœğ¤.

@Charles_Leclerc + @Carlossainz55 = @ScuderiaFerrari ğŸ”´ 
 
#Formula1 #essereFerrari #F1 https://t.co/bOYâ€¦",0,244,2022-03-22 14:28:38+00:00,in,False,TlovesF1
151,"""This is my neighbour Lewis. He is pain in my assholes. I win a race, he must win a race. I get fastest lap. He get fastest lap. I win championship, he cannot afford. Great success!!""

*credit to Reddit
#ThisIsAJoke #PleaseDoNotHateMeForIt
#Borat #F1 #Formula1 #MercedesAMGF1 #RB https://t.co/0vCKZUpd6O",1,0,2022-03-22 14:27:46+00:00,en,False,there_is_no_if
152,Whoâ€™s taking pole this Sunday? #Formula1 #SaudiArabianGP #BahrianGP #f1 #DriveToSurvive,1,0,2022-03-22 14:27:26+00:00,en,False,Formula1_NA
153,"RT @Motorsport: Did someone say party? ğŸ¥³ Happy birthday to @schumachermick that turns 2ï¸âƒ£3ï¸âƒ£ today ğŸ‰

#F1 #Formula1 #MickSchumacher #Haas #â€¦",0,93,2022-03-22 14:27:24+00:00,en,False,ollie_25
154,"RT @SeviGraphics: ğ…ğğ«ğ«ğšğ«ğ¢ ğ¢ğ¬ ğ›ğšğœğ¤.

@Charles_Leclerc + @Carlossainz55 = @ScuderiaFerrari ğŸ”´ 
 
#Formula1 #essereFerrari #F1 https://t.co/bOYâ€¦",0,244,2022-03-22 14:26:54+00:00,in,False,DonCokeArayaT
155,"RT @omerehayatol: EvladÄ±mÄ±z hastanede ğŸ˜ªateÅŸi39 ateÅŸine su serpin az Ã§ok demeyin bitirelim kampanyasÄ±nÄ±ğŸ™ğŸ™
#YeniProfilResmi #SaudiArabianGP #â€¦",0,19,2022-03-22 14:26:36+00:00,tr,False,sakinedirilis08
156,"RT @racingsocialnft: Guys today we have an AMA going live with @Steijnracing You will be able to ask any race-related questions.

Make sureâ€¦",0,155,2022-03-22 14:26:29+00:00,en,False,Bigwin00001
157,"RT @Motorsport: Did someone say party? ğŸ¥³ Happy birthday to @schumachermick that turns 2ï¸âƒ£3ï¸âƒ£ today ğŸ‰

#F1 #Formula1 #MickSchumacher #Haas #â€¦",0,93,2022-03-22 14:26:25+00:00,en,False,yu_8834
158,"RT @AndreF1nl: Cover #03, donderdag in de winkel. Volgende afspraak zondag in Jeddah @Formule1 @Max33Verstappen @Charles_Leclerc #Formula1â€¦",0,2,2022-03-22 14:26:10+00:00,nl,False,ITriepels
159,"RT @SeviGraphics: ğ…ğğ«ğ«ğšğ«ğ¢ ğ¢ğ¬ ğ›ğšğœğ¤.

@Charles_Leclerc + @Carlossainz55 = @ScuderiaFerrari ğŸ”´ 
 
#Formula1 #essereFerrari #F1 https://t.co/bOYâ€¦",0,244,2022-03-22 14:26:04+00:00,in,False,FausNatxo
160,"RT @SeviGraphics: ğ…ğğ«ğ«ğšğ«ğ¢ ğ¢ğ¬ ğ›ğšğœğ¤.

@Charles_Leclerc + @Carlossainz55 = @ScuderiaFerrari ğŸ”´ 
 
#Formula1 #essereFerrari #F1 https://t.co/bOYâ€¦",0,244,2022-03-22 14:26:02+00:00,in,False,Guillem_09
161,"RT @SeviGraphics: ğ…ğğ«ğ«ğšğ«ğ¢ ğ¢ğ¬ ğ›ğšğœğ¤.

@Charles_Leclerc + @Carlossainz55 = @ScuderiaFerrari ğŸ”´ 
 
#Formula1 #essereFerrari #F1 https://t.co/bOYâ€¦",0,244,2022-03-22 14:25:58+00:00,in,False,DiegoIturburu13
162,"#F1 | #Schumacher: ""Dopo il testacoda non ero piÃ¹ a mio agio""

#Formula1 | #BahrainGP | #HaasF1 
https://t.co/VVnEtH6MJB",6,0,2022-03-22 14:25:45+00:00,it,False,Motorsport_IT
163,"RT @racingsocialnft: Guys today we have an AMA going live with @Steijnracing You will be able to ask any race-related questions.

Make sureâ€¦",0,155,2022-03-22 14:25:39+00:00,en,False,AnaknyaHassan
164,What RPM Do #F1 Drivers Shift At? https://t.co/RqHhspCqF7 #formula1 #f1news,0,0,2022-03-22 14:25:24+00:00,en,False,F1Chronicle
165,RT @F1NightRace: Happy birthday to @HaasF1Team's @SchumacherMick who turns 23 today! ğŸ‚ğŸ‰ğŸ¥³ #F1 #Formula1 https://t.co/ddyXOx1leC,0,10,2022-03-22 14:25:08+00:00,en,False,TLUPF1
166,HÃ¼lkenberg gibt zu - Wehwehchen nach Formel-1-Comeback https://t.co/KotJrS1rBm #Formel1 #Formula1 #News,0,1,2022-03-22 14:24:47+00:00,de,False,BILD_Formel1
167,"RT @SocialGood_Inc: Friendly reminder: cryptocurreny market is a volatile one. 

Once you understand this, you will take every fall and risâ€¦",0,11,2022-03-22 14:24:44+00:00,en,False,JessenVillezas
168,"RT @Motorsport: Just a little joke on that last lap ğŸ˜‰

#F1 #Formula1 #CharlesLeclerc #Ferrari #Motorsport https://t.co/51U28C5m4m",0,213,2022-03-22 14:24:24+00:00,en,False,kaiofelipe19951
169,"RT @racingsocialnft: Guys today we have an AMA going live with @Steijnracing You will be able to ask any race-related questions.

Make sureâ€¦",0,155,2022-03-22 14:24:21+00:00,en,False,onee_ghost
170,"RT @SeviGraphics: ğ…ğğ«ğ«ğšğ«ğ¢ ğ¢ğ¬ ğ›ğšğœğ¤.

@Charles_Leclerc + @Carlossainz55 = @ScuderiaFerrari ğŸ”´ 
 
#Formula1 #essereFerrari #F1 https://t.co/bOYâ€¦",0,244,2022-03-22 14:24:08+00:00,in,False,lomariop
171,"RT @racingsocialnft: Guys today we have an AMA going live with @Steijnracing You will be able to ask any race-related questions.

Make sureâ€¦",0,155,2022-03-22 14:23:57+00:00,en,False,suganbigwin
172,"RT @Motorsport: Did someone say party? ğŸ¥³ Happy birthday to @schumachermick that turns 2ï¸âƒ£3ï¸âƒ£ today ğŸ‰

#F1 #Formula1 #MickSchumacher #Haas #â€¦",0,93,2022-03-22 14:22:36+00:00,en,False,vaquerososs
173,"RT @SeviGraphics: ğ…ğğ«ğ«ğšğ«ğ¢ ğ¢ğ¬ ğ›ğšğœğ¤.

@Charles_Leclerc + @Carlossainz55 = @ScuderiaFerrari ğŸ”´ 
 
#Formula1 #essereFerrari #F1 https://t.co/bOYâ€¦",0,244,2022-03-22 14:22:13+00:00,in,False,tomyag11
174,"RT @Formula_Stats: Hoy cumple 23 aÃ±os Mick Schumacher, y tambiÃ©n se cumplen 30 aÃ±os del primer podio de su padre, Michael Schumacher, en elâ€¦",0,6,2022-03-22 14:22:03+00:00,es,False,GeerSixx
175,"RT @SeviGraphics: ğ…ğğ«ğ«ğšğ«ğ¢ ğ¢ğ¬ ğ›ğšğœğ¤.

@Charles_Leclerc + @Carlossainz55 = @ScuderiaFerrari ğŸ”´ 
 
#Formula1 #essereFerrari #F1 https://t.co/bOYâ€¦",0,244,2022-03-22 14:21:53+00:00,in,False,yamamasa_SH
176,"RT @OhYeahSports: Goat athletes for every sport + ranked
#PGATour Tiger Woods ğŸ†
#Olympics Phelps ğŸ¥ˆ
#NHL Gretz ğŸ¥‰
#Tennis Serena
#NFL Tom
#MLâ€¦",0,3,2022-03-22 14:21:30+00:00,en,False,aidan_thakkar
177,#f1 #formula1 #meme #gnergamer https://t.co/0GfqJ0C355,4,0,2022-03-22 14:21:06+00:00,und,False,GnerGamer
178,"RT @OhYeahSports: Goat athletes for every sport + ranked
#PGATour Tiger Woods ğŸ†
#Olympics Phelps ğŸ¥ˆ
#NHL Gretz ğŸ¥‰
#Tennis Serena
#NFL Tom
#MLâ€¦",0,3,2022-03-22 14:21:06+00:00,en,False,CofRUnfiltered
179,"RT @Motorsport: Just a little joke on that last lap ğŸ˜‰

#F1 #Formula1 #CharlesLeclerc #Ferrari #Motorsport https://t.co/51U28C5m4m",0,213,2022-03-22 14:21:04+00:00,en,False,Manuel90123481
180,"RT @SeviGraphics: ğ…ğğ«ğ«ğšğ«ğ¢ ğ¢ğ¬ ğ›ğšğœğ¤.

@Charles_Leclerc + @Carlossainz55 = @ScuderiaFerrari ğŸ”´ 
 
#Formula1 #essereFerrari #F1 https://t.co/bOYâ€¦",0,244,2022-03-22 14:21:04+00:00,in,False,Kyushu_Trains
181,"RT @eFectosue1o: ğŸ¥ŠğŸ¥ŠğŸ¥ŠğŸ¥ŠğŸ¥Š En el dÃ­a ""Hay que pegarle a Aston Martin"" ahora es el turno de Jacques Villeneuve y el diseÃ±o de sus autos: ""Copiarâ€¦",0,1,2022-03-22 14:20:56+00:00,es,False,GonzaloBFerrer
182,"Watched @SENNAmovie just like I had watched @MaradonaMovie I thought I knew them, but I know them more now. Tragic. Is the grass greener in the pursuit of success? Not always. The pursuit to win even in personal tragedies, only a few can do. A must watch!!! #Formula1 https://t.co/858FmxVfAH",0,0,2022-03-22 14:20:48+00:00,en,False,nadeemshassam
183,"RT @SeviGraphics: ğ…ğğ«ğ«ğšğ«ğ¢ ğ¢ğ¬ ğ›ğšğœğ¤.

@Charles_Leclerc + @Carlossainz55 = @ScuderiaFerrari ğŸ”´ 
 
#Formula1 #essereFerrari #F1 https://t.co/bOYâ€¦",0,244,2022-03-22 14:20:47+00:00,in,False,shinrai1090
184,"RT @SeviGraphics: ğ…ğğ«ğ«ğšğ«ğ¢ ğ¢ğ¬ ğ›ğšğœğ¤.

@Charles_Leclerc + @Carlossainz55 = @ScuderiaFerrari ğŸ”´ 
 
#Formula1 #essereFerrari #F1 https://t.co/bOYâ€¦",0,244,2022-03-22 14:20:39+00:00,in,False,dalkomsunshine
185,"ğŸ¥ŠğŸ¥ŠğŸ¥ŠğŸ¥ŠğŸ¥Š En el dÃ­a ""Hay que pegarle a Aston Martin"" ahora es el turno de Jacques Villeneuve y el diseÃ±o de sus autos: ""Copiaron a Mercedes durante aÃ±os, Â¡Es como si ya se hubieran olvidado de cÃ³mo diseÃ±ar un coche!"" Auch, eso doliÃ³. #F1 #Formula1 #F12022 #SaudiArabianGP https://t.co/NtV3lEw3Bj",0,1,2022-03-22 14:20:27+00:00,es,False,eFectosue1o
186,"RT @Motorsport: Just a little joke on that last lap ğŸ˜‰

#F1 #Formula1 #CharlesLeclerc #Ferrari #Motorsport https://t.co/51U28C5m4m",0,213,2022-03-22 14:20:07+00:00,en,False,pipegomezb
187,"RT @racingsocialnft: Guys today we have an AMA going live with @Steijnracing You will be able to ask any race-related questions.

Make sureâ€¦",0,155,2022-03-22 14:19:56+00:00,en,False,sunwisewins
188,"RT @racingsocialnft: Guys today we have an AMA going live with @Steijnracing You will be able to ask any race-related questions.

Make sureâ€¦",0,155,2022-03-22 14:19:15+00:00,en,False,chevzwinscityx_
189,"Goat athletes for every sport + ranked
#PGATour Tiger Woods ğŸ†
#Olympics Phelps ğŸ¥ˆ
#NHL Gretz ğŸ¥‰
#Tennis Serena
#NFL Tom
#MLB Bonds
#Football Messi
#Formula1 Lewis
#NBA Jordan
#Boxing Ali
Yâ€™all rocking w this list? WWY change? https://t.co/6vAfsMA1uO",4,3,2022-03-22 14:19:00+00:00,en,False,OhYeahSports
190,"RT @Formula1arg1: La felicidad de @KevinMagnussen y Steiner no tiene precio!ğŸ˜‚

MerecÃ­an un gran fin de semana como este!

#F1 #Formula1 #Haâ€¦",0,59,2022-03-22 14:18:58+00:00,es,False,Gabi_0_
191,"#Horner: ""#Bahreyn'de #Ferrari bize #GÃ¶re daha #HÄ±zlÄ±ydÄ±""

-&gt; https://t.co/fe2qOWMdzM 

#TRmotosports #CanlÄ±YayÄ±n #F1 #Formel1 #Formula1 #Haber #HÄ±zlÄ±ydÄ± #Izle #MotorsporlarÄ± #Motorsports #News #Online https://t.co/l0GoD8Xi8W",0,0,2022-03-22 14:18:40+00:00,tr,False,TRmotosports
192,"RT @racingsocialnft: Guys today we have an AMA going live with @Steijnracing You will be able to ask any race-related questions.

Make sureâ€¦",0,155,2022-03-22 14:18:27+00:00,en,False,missufeucityx
193,"Baba #Sainz: ""#Carlos #HenÃ¼z Formula 1-75'te #Rahat #DeÄŸil""

-&gt; https://t.co/fHqrPFVzAt 

#TRmotosports #CanlÄ±YayÄ±n #F1 #Formel1 #Formula1 #Formula175 #Haber #Izle #MotorsporlarÄ± #Motorsports #News #Online https://t.co/tBrBh6IsNv",0,0,2022-03-22 14:18:22+00:00,tl,False,TRmotosports
194,"RT @TheOneAndOniii: ğŸ“£ F1 Race predictionsğŸ’­ğŸ’­ğŸ¤”

Round 2

ğŸ“Jeddah, Saudi Arabia ğŸ‡¸ğŸ‡¦ 

Who will be...?

ğŸ On pole: Hamilton 
ğŸ† Race Winner: Sainâ€¦",0,1,2022-03-22 14:18:17+00:00,en,False,f1fantwo
195,"RT @racingsocialnft: Guys today we have an AMA going live with @Steijnracing You will be able to ask any race-related questions.

Make sureâ€¦",0,155,2022-03-22 14:18:07+00:00,en,False,1234567Bt21
196,"RT @SeviGraphics: ğ…ğğ«ğ«ğšğ«ğ¢ ğ¢ğ¬ ğ›ğšğœğ¤.

@Charles_Leclerc + @Carlossainz55 = @ScuderiaFerrari ğŸ”´ 
 
#Formula1 #essereFerrari #F1 https://t.co/bOYâ€¦",0,244,2022-03-22 14:18:03+00:00,in,False,Rivas_LDP
197,"RT @Formula1arg1: #SaudiArabianGPğŸ‡¸ğŸ‡¦ | ğŸš¨SegÃºn el medio The Sun, la #F1 estÃ¡ monitoreando la situaciÃ³n en Arabia Saudita despuÃ©s del ataque câ€¦",0,19,2022-03-22 14:17:47+00:00,es,False,Formula1arg1
198,"RT @racingsocialnft: Guys today we have an AMA going live with @Steijnracing You will be able to ask any race-related questions.

Make sureâ€¦",0,155,2022-03-22 14:17:46+00:00,en,False,Drmdwn
199,"RT @racingsocialnft: Guys today we have an AMA going live with @Steijnracing You will be able to ask any race-related questions.

Make sureâ€¦",0,155,2022-03-22 14:17:39+00:00,en,False,yniemey
